entry_utc,entry_ny,year,month,weekday,hour_ny,session,regime,dir,r,grade,pnl_usd,entry_price,exit_price,stop_distance,bars_held,mfe_usd,mae_usd,mfe_r,mae_r,exit_reason,costs_usd
2018-10-25T01:00:00,2018-10-24 21:00,2018,10,Wed,21,Asia,TRANSITIONING,short,1.0,win,1000.0,1236.68,1233.64,3.03,116,2835.26,-822.08,2.835,-0.822,S-RUN,0.0
2018-11-28T17:00:00,2018-11-28 12:00,2018,11,Wed,12,NewYork,TRENDING,short,0.058,be,63.95,1224.88,1224.58,5.16,1,2376.94,-349.61,2.161,-0.318,S-RUN,0.0
2018-12-03T05:45:00,2018-12-03 00:45,2018,12,Mon,00,Asia,TRENDING,short,-1.0,loss,-1106.4,1226.6,1228.96,2.36,5,487.56,-1603.34,0.441,-1.449,S-RUN,0.0
2019-03-21T16:15:00,2019-03-21 12:15,2019,03,Thu,12,NewYork,TRENDING,long,1.0,win,995.76,1304.1,1309.58,5.48,358,3699.56,-159.9,3.715,-0.161,L-RUN,0.0
2019-05-08T15:45:00,2019-05-08 11:45,2019,05,Wed,11,NewYork,TRENDING,long,1.38,win,1511.88,1281.34,1287.36,4.37,87,1715.14,-508.14,1.566,-0.464,L-RUN,0.0
2019-06-12T07:45:00,2019-06-12 03:45,2019,06,Wed,03,Asia,TRENDING,short,-1.0,loss,-1246.52,1337.57,1348.18,10.62,178,905.97,-1925.27,0.727,-1.545,S-RUN,0.0
2019-06-18T12:15:00,2019-06-18 08:15,2019,06,Tue,08,London,TRENDING,short,0.044,be,48.99,1351.22,1350.92,6.87,12,1949.8,-550.32,1.738,-0.491,S-RUN,0.0
2019-09-13T14:30:00,2019-09-13 10:30,2019,09,Fri,10,NewYork,TRENDING,long,0.036,be,41.0,1492.68,1492.98,8.25,292,2651.9,-1282.56,2.354,-1.138,L-RUN,0.0
2020-01-30T00:30:00,2020-01-29 19:30,2020,01,Wed,19,Late,TRANSITIONING,short,-1.0,loss,-1130.87,1578.99,1588.44,9.45,153,965.81,-1200.24,0.854,-1.061,S-RUN,0.0
2020-02-03T08:45:00,2020-02-03 03:45,2020,02,Mon,03,Asia,TRENDING,long,-1.154,loss,-1174.67,1573.44,1570.52,2.53,25,3121.73,-1633.28,3.067,-1.605,L-RUN,0.0
2020-05-11T10:00:00,2020-05-11 06:00,2020,05,Mon,06,London,TRENDING,long,3.497,win,3148.56,1697.42,1753.41,16.01,468,3809.88,-309.29,4.232,-0.344,L-RUN,0.0
2020-07-10T10:30:00,2020-07-10 06:30,2020,07,Fri,06,London,TRENDING,short,1.0,win,1215.17,1809.05,1800.19,8.86,22,1838.19,-198.3,1.513,-0.163,S-RUN,0.0
2020-10-02T05:15:00,2020-10-02 01:15,2020,10,Fri,01,Asia,TRENDING,short,-1.0,loss,-1336.69,1904.17,1912.07,7.9,4,1194.56,-1725.85,0.894,-1.291,S-RUN,0.0
2020-11-04T01:00:00,2020-11-03 20:00,2020,11,Tue,20,Asia,TRENDING,long,1.0,win,1203.02,1892.74,1898.59,5.86,1,2729.65,-2283.78,2.269,-1.898,L-RUN,0.0
2020-11-09T13:00:00,2020-11-09 08:00,2020,11,Mon,08,London,TRENDING,long,-1.0,loss,-1323.32,1898.99,1881.62,17.37,2,956.87,-1844.42,0.723,-1.394,L-RUN,0.0
2021-04-21T01:00:00,2021-04-20 21:00,2021,04,Tue,21,Asia,TRANSITIONING,short,-1.0,loss,-1190.99,1780.96,1790.0,9.04,51,523.03,-2192.26,0.439,-1.841,S-RUN,0.0
2021-05-14T06:15:00,2021-05-14 02:15,2021,05,Fri,02,Asia,TRENDING,short,-1.0,loss,-1071.89,1831.33,1845.46,14.13,58,367.16,-1116.65,0.343,-1.042,S-RUN,0.0
2021-06-08T12:30:00,2021-06-08 08:30,2021,06,Tue,08,London,TRENDING,short,1.0,win,964.7,1900.78,1898.28,2.51,96,6579.6,-1122.59,6.82,-1.164,S-RUN,0.0
2021-06-11T15:15:00,2021-06-11 11:15,2021,06,Fri,11,NewYork,TRANSITIONING,long,-1.0,loss,-1061.17,1876.87,1869.88,6.98,35,751.25,-1550.36,0.708,-1.461,L-RUN,0.0
2021-07-23T10:00:00,2021-07-23 06:00,2021,07,Fri,06,London,TRENDING,long,-1.0,loss,-955.05,1799.18,1792.68,6.5,6,489.64,-1367.61,0.513,-1.432,L-RUN,0.0
2021-09-23T13:00:00,2021-09-23 09:00,2021,09,Thu,09,NewYork,TRENDING,long,-1.0,loss,-859.55,1754.68,1741.95,12.73,29,653.69,-1145.73,0.761,-1.333,L-RUN,0.0
2021-12-15T20:30:00,2021-12-15 15:30,2021,12,Wed,15,NewYork,TRENDING,short,-1.0,loss,-773.59,1780.8,1791.54,10.74,68,380.31,-877.31,0.492,-1.134,S-RUN,0.0
2021-12-27T13:45:00,2021-12-27 08:45,2021,12,Mon,08,London,TRENDING,short,-1.0,loss,-696.23,1808.78,1811.86,3.08,6,540.01,-1029.07,0.776,-1.478,S-RUN,0.0
2022-04-12T12:30:00,2022-04-12 08:30,2022,04,Tue,08,London,TRENDING,short,-1.0,loss,-626.61,1961.27,1969.63,8.37,1,448.33,-804.89,0.715,-1.285,S-RUN,0.0
2022-08-11T12:15:00,2022-08-11 08:15,2022,08,Thu,08,London,TRENDING,short,0.029,be,16.35,1797.55,1797.25,10.35,98,689.88,-91.86,1.223,-0.163,S-RUN,0.0
2022-08-30T14:30:00,2022-08-30 10:30,2022,08,Tue,10,NewYork,TRENDING,long,0.109,be,61.7,1723.06,1723.36,2.75,8,822.67,-390.77,1.455,-0.691,L-RUN,0.0
2022-09-07T17:30:00,2022-09-07 13:30,2022,09,Wed,13,NewYork,TRENDING,short,-1.0,loss,-571.75,1717.18,1726.67,9.49,68,222.13,-662.78,0.389,-1.159,S-RUN,0.0
2022-11-01T12:15:00,2022-11-01 08:15,2022,11,Tue,08,London,TRENDING,short,1.0,win,514.58,1656.57,1638.25,18.32,139,696.59,-360.94,1.354,-0.701,S-RUN,0.0
2022-11-04T12:45:00,2022-11-04 08:45,2022,11,Fri,08,London,TRENDING,short,-1.0,loss,-566.04,1657.53,1669.42,11.89,5,103.78,-625.54,0.183,-1.105,S-RUN,0.0
2022-11-28T08:15:00,2022-11-28 03:15,2022,11,Mon,03,Asia,TRENDING,short,-1.0,loss,-509.43,1756.72,1761.08,4.36,3,374.91,-691.92,0.736,-1.358,S-RUN,0.0
2022-11-29T05:15:00,2022-11-29 00:15,2022,11,Tue,00,Asia,TRENDING,short,-1.0,loss,-458.49,1754.83,1763.7,8.87,124,409.38,-500.36,0.893,-1.091,S-RUN,0.0
2023-01-24T15:00:00,2023-01-24 10:00,2023,01,Tue,10,NewYork,TRENDING,long,1.244,win,513.34,1920.36,1931.57,9.02,4,744.49,-150.36,1.804,-0.364,L-RUN,0.0
2023-02-02T14:45:00,2023-02-02 09:45,2023,02,Thu,09,NewYork,TRENDING,long,-1.0,loss,-463.98,1924.93,1900.8,24.13,87,253.66,-739.27,0.547,-1.593,L-RUN,0.0
2023-07-27T12:45:00,2023-07-27 08:45,2023,07,Thu,08,London,TRENDING,long,-1.0,loss,-417.58,1958.66,1949.5,9.16,3,314.09,-634.57,0.752,-1.52,L-RUN,0.0
2023-09-15T13:15:00,2023-09-15 09:15,2023,09,Fri,09,NewYork,TRENDING,short,-1.0,loss,-375.82,1923.59,1930.7,7.12,106,105.91,-399.06,0.282,-1.062,S-RUN,0.0
2023-09-20T20:00:00,2023-09-20 16:00,2023,09,Wed,16,NewYork,TRENDING,long,-1.0,loss,-338.24,1932.61,1927.86,4.75,13,72.35,-423.06,0.214,-1.251,L-RUN,0.0
2023-10-11T06:30:00,2023-10-11 02:30,2023,10,Wed,02,Asia,TRANSITIONING,short,-0.098,be,-29.96,1862.83,1863.08,2.54,1,403.89,-105.47,1.327,-0.346,S-RUN,0.0
2023-12-04T15:15:00,2023-12-04 10:15,2023,12,Mon,10,NewYork,TRENDING,long,-0.743,loss,-223.89,2040.15,2033.19,9.37,1,385.06,-645.3,1.277,-2.141,L-RUN,0.0
2024-01-10T10:00:00,2024-01-10 05:00,2024,01,Wed,05,London,TRENDING,short,1.0,win,279.03,2036.77,2031.62,5.15,61,885.85,-185.84,3.175,-0.666,S-RUN,0.0
2024-05-31T12:30:00,2024-05-31 08:30,2024,05,Fri,08,London,TRENDING,short,1.765,win,541.62,2352.18,2331.22,11.88,87,969.13,-193.72,3.157,-0.631,S-RUN,0.0
2024-06-03T16:30:00,2024-06-03 12:30,2024,06,Mon,12,NewYork,TRENDING,short,1.506,win,543.63,2348.32,2331.22,11.36,126,1040.67,-203.68,2.882,-0.564,S-RUN,0.0
2024-06-13T15:45:00,2024-06-13 11:45,2024,06,Thu,11,NewYork,TRANSITIONING,long,1.0,win,415.46,2300.62,2314.48,13.86,183,1079.35,-153.98,2.598,-0.371,L-RUN,0.0
2024-06-21T17:15:00,2024-06-21 13:15,2024,06,Fri,13,NewYork,TRENDING,long,-1.0,loss,-457.0,2318.55,2295.49,23.06,261,367.01,-471.67,0.803,-1.032,L-RUN,0.0
2024-07-24T20:00:00,2024-07-24 16:00,2024,07,Wed,16,NewYork,TRENDING,long,-1.0,loss,-411.3,2397.97,2383.8,14.16,18,93.93,-795.45,0.228,-1.934,L-RUN,0.0
2024-10-22T04:00:00,2024-10-22 00:00,2024,10,Tue,00,Asia,TRENDING,short,-1.0,loss,-370.17,2734.12,2740.53,6.41,38,294.52,-373.64,0.796,-1.009,S-RUN,0.0
2024-10-23T14:30:00,2024-10-23 10:30,2024,10,Wed,10,NewYork,TRENDING,long,-0.084,be,-28.1,2719.89,2719.41,5.69,1,511.15,-201.42,1.534,-0.605,L-RUN,0.0
2024-12-18T14:15:00,2024-12-18 09:15,2024,12,Wed,09,NewYork,TRENDING,long,-1.0,loss,-330.34,2639.96,2633.09,6.87,19,87.03,-1183.85,0.263,-3.584,L-RUN,0.0
2025-01-27T07:15:00,2025-01-27 02:15,2025,01,Mon,02,Asia,TRENDING,long,0.022,be,6.51,2749.64,2749.95,13.7,28,484.09,-50.0,1.628,-0.168,L-RUN,0.0
2025-02-13T05:00:00,2025-02-13 00:00,2025,02,Thu,00,Asia,TRENDING,short,1.0,win,297.96,2919.66,2896.65,23.01,171,553.19,-263.26,1.857,-0.884,S-RUN,0.0
2025-06-10T18:45:00,2025-06-10 14:45,2025,06,Tue,14,NewYork,TRENDING,long,1.0,win,327.76,3319.95,3338.18,18.23,53,513.84,-80.19,1.568,-0.245,L-RUN,0.0
2025-07-09T22:30:00,2025-07-09 18:30,2025,07,Wed,18,Late,TRENDING,short,-1.0,loss,-360.53,3321.13,3345.83,24.7,139,160.71,-362.72,0.446,-1.006,S-RUN,0.0
2025-07-15T05:15:00,2025-07-15 01:15,2025,07,Tue,01,Asia,TRENDING,short,1.0,win,324.48,3364.34,3353.75,10.59,131,1370.11,-61.16,4.222,-0.188,S-RUN,0.0
2025-08-14T07:45:00,2025-08-14 03:45,2025,08,Thu,03,Asia,TRENDING,long,0.022,be,7.94,3344.57,3344.87,13.49,19,384.19,-80.33,1.076,-0.225,L-RUN,0.0
2025-09-10T09:45:00,2025-09-10 05:45,2025,09,Wed,05,London,TRANSITIONING,short,1.0,win,357.72,3655.78,3636.69,19.1,79,618.49,-33.44,1.729,-0.093,S-RUN,0.0
2026-02-26T14:30:00,2026-02-26 09:30,2026,02,Thu,09,NewYork,TRANSITIONING,long,4.167,win,1639.67,5142.8,5347.04,49.02,183,2219.22,-98.95,5.64,-0.251,L-RUN,0.0
2026-03-03T11:00:00,2026-03-03 06:00,2026,03,Tue,06,London,TRENDING,long,0.008,be,4.46,5167.98,5168.28,37.51,1,1427.91,-798.52,2.561,-1.432,L-RUN,0.0
2026-05-08T13:30:00,2026-05-08 09:30,2026,05,Fri,09,NewYork,TRENDING,short,1.874,win,1045.5,4743.27,4703.07,21.45,90,2474.37,-157.97,4.435,-0.283,S-RUN,0.0
2026-07-07T13:30:00,2026-07-07 09:30,2026,07,Tue,09,NewYork,TRANSITIONING,short,3.858,win,2555.99,4179.1,4087.58,23.72,115,4395.06,-36.31,6.634,-0.055,S-RUN,0.0
