sos_utc,year,hour_ny,session,dir,bars_alive,stage_max,reached_zone,edge_ever,veto_ever,armed_ever,traded,verdict,edge_price
2018-09-28T12:45:00,2018,08,London,long,157,4,True,True,False,True,True,traded,1186.65
2018-10-11T12:30:00,2018,08,London,long,162,2,False,True,True,True,False,never retraced to 0.5,1195.99
2018-10-23T14:15:00,2018,10,NewYork,short,80,2,False,False,False,False,False,never retraced to 0.5,
2018-10-24T20:45:00,2018,16,NewYork,long,159,4,True,True,False,True,False,"limit rested, never filled",1227.43
2018-11-01T06:15:00,2018,02,Asia,long,22,2,False,False,True,False,False,never retraced to 0.5,
2018-11-14T17:45:00,2018,12,NewYork,long,144,2,False,False,True,False,False,never retraced to 0.5,
2018-11-20T18:00:00,2018,13,NewYork,short,80,4,True,False,False,False,False,no FVG in the zone,
2018-11-21T15:15:00,2018,10,NewYork,long,339,4,True,True,False,True,True,traded,1221.93
2018-11-27T15:00:00,2018,10,NewYork,short,87,2,False,False,True,False,False,never retraced to 0.5,
2018-11-28T17:00:00,2018,12,NewYork,long,72,3,True,False,True,False,False,no FVG in the zone,
2018-11-29T18:00:00,2018,13,NewYork,short,59,2,False,False,False,False,False,never retraced to 0.5,
2018-12-04T17:00:00,2018,12,NewYork,short,10,4,True,False,False,False,False,no FVG in the zone,
2018-12-06T14:30:00,2018,09,NewYork,long,87,4,True,False,False,False,False,no FVG in the zone,
2018-12-10T07:15:00,2018,02,Asia,short,41,3,True,False,False,False,False,no FVG in the zone,
2018-12-11T05:45:00,2018,00,Asia,long,53,4,True,False,False,False,False,no FVG in the zone,
2018-12-11T19:15:00,2018,14,NewYork,short,160,4,True,False,False,False,False,no FVG in the zone,
2018-12-14T16:30:00,2018,11,NewYork,long,79,3,True,False,False,False,False,no FVG in the zone,
2018-12-19T19:00:00,2018,14,NewYork,short,71,4,True,False,False,False,False,no FVG in the zone,
2018-12-21T18:00:00,2018,13,NewYork,short,80,4,True,True,False,True,True,traded,1261.33
2018-12-24T15:15:00,2018,10,NewYork,long,25,2,False,True,False,True,False,never retraced to 0.5,1260.19
2018-12-26T17:45:00,2018,12,NewYork,short,137,4,True,True,False,True,True,traded,1272.34
2019-01-02T12:15:00,2019,07,London,short,24,4,True,False,False,False,False,no FVG in the zone,
2019-01-02T23:00:00,2019,18,Late,long,28,2,False,False,False,False,False,never retraced to 0.5,
2019-01-04T08:30:00,2019,03,Asia,short,19,2,False,False,False,False,False,never retraced to 0.5,
2019-01-07T12:45:00,2019,07,London,long,236,4,True,True,False,True,True,traded,1284.19
2019-01-25T15:30:00,2019,10,NewYork,long,50,2,False,True,True,True,False,never retraced to 0.5,1288.0
2019-01-28T13:30:00,2019,08,London,short,61,4,True,False,False,False,False,no FVG in the zone,
2019-01-30T13:15:00,2019,08,London,short,22,2,False,False,False,False,False,never retraced to 0.5,
2019-01-30T19:00:00,2019,14,NewYork,long,459,4,True,True,True,True,True,traded,1316.01
2019-02-06T19:00:00,2019,14,NewYork,short,526,4,True,True,True,True,True,traded,1318.44
2019-02-18T13:30:00,2019,08,London,long,55,2,False,True,False,True,False,never retraced to 0.5,1311.78
2019-02-22T10:00:00,2019,05,London,short,300,2,False,True,False,True,False,never retraced to 0.5,1337.27
2019-03-06T06:45:00,2019,01,Asia,long,180,4,True,False,True,False,False,no FVG in the zone,
2019-03-12T18:45:00,2019,14,NewYork,long,17,2,False,False,False,False,False,never retraced to 0.5,
2019-03-14T02:30:00,2019,22,Asia,short,17,2,False,False,True,False,False,never retraced to 0.5,
2019-03-15T13:45:00,2019,09,NewYork,long,137,3,True,True,False,True,True,traded,1298.24
2019-03-20T07:30:00,2019,03,Asia,short,31,4,True,False,False,False,False,no FVG in the zone,
2019-03-20T18:00:00,2019,14,NewYork,long,46,2,False,True,False,True,False,never retraced to 0.5,1301.92
2019-03-21T10:30:00,2019,06,London,short,12,4,True,False,False,False,False,no FVG in the zone,
2019-03-28T11:45:00,2019,07,London,short,14,2,False,True,True,True,False,never retraced to 0.5,1313.19
2019-03-29T11:45:00,2019,07,London,long,152,4,True,False,True,False,False,no FVG in the zone,
2019-04-02T04:00:00,2019,00,Asia,short,217,4,True,True,True,True,True,traded,1295.82
2019-04-08T01:30:00,2019,21,Asia,long,19,2,False,True,False,True,False,never retraced to 0.5,1286.48
2019-04-18T07:00:00,2019,03,Asia,long,70,4,True,False,False,False,False,no FVG in the zone,
2019-04-23T06:00:00,2019,02,Asia,short,213,4,True,False,False,False,False,no FVG in the zone,
2019-04-25T13:30:00,2019,09,NewYork,long,67,2,False,True,False,True,False,never retraced to 0.5,1272.42
2019-05-02T02:45:00,2019,22,Asia,short,12,2,False,False,False,False,False,never retraced to 0.5,
2019-05-03T12:30:00,2019,08,London,long,92,4,True,True,True,True,True,traded,1280.31
2019-05-06T12:45:00,2019,08,London,short,135,4,True,False,False,False,False,no FVG in the zone,
2019-05-08T00:45:00,2019,20,Asia,long,20,2,False,False,False,False,False,never retraced to 0.5,
2019-05-13T12:45:00,2019,08,London,long,372,4,True,True,True,True,True,traded,1285.92
2019-05-17T14:00:00,2019,10,NewYork,short,73,2,False,True,True,True,False,never retraced to 0.5,1291.43
2019-06-04T12:00:00,2019,08,London,short,68,4,True,True,False,True,True,traded,1325.01
2019-06-05T15:00:00,2019,11,NewYork,short,180,4,True,False,False,False,False,no FVG in the zone,
2019-06-07T14:15:00,2019,10,NewYork,long,59,4,True,True,False,True,True,traded,1334.37
2019-06-10T06:15:00,2019,02,Asia,short,96,2,False,True,False,True,False,never retraced to 0.5,1336.78
2019-06-12T02:00:00,2019,22,Asia,long,14,2,False,False,True,False,False,never retraced to 0.5,
2019-06-12T13:15:00,2019,09,NewYork,short,99,4,True,True,False,True,True,traded,1334.41
2019-06-13T15:15:00,2019,11,NewYork,long,55,4,True,True,False,True,False,"limit rested, never filled",1331.92
2019-06-14T17:00:00,2019,13,NewYork,short,51,2,False,True,False,True,False,never retraced to 0.5,1351.5
2019-06-18T05:45:00,2019,01,Asia,long,21,2,False,False,False,False,False,never retraced to 0.5,
2019-06-18T13:45:00,2019,09,NewYork,short,115,4,True,True,False,True,True,traded,1351.62
2019-06-19T19:45:00,2019,15,NewYork,long,13,2,False,True,False,True,False,never retraced to 0.5,1347.76
2019-08-13T12:30:00,2019,08,London,short,770,4,True,True,True,True,True,traded,1513.92
2019-08-25T22:00:00,2019,18,Late,long,706,3,True,True,True,True,False,divergence / extreme-RSI veto,1511.19
2019-09-05T14:15:00,2019,10,NewYork,short,61,2,False,True,True,True,False,never retraced to 0.5,1537.61
2019-09-06T13:00:00,2019,09,NewYork,long,98,4,True,True,False,True,True,traded,1513.41
2019-09-09T14:45:00,2019,10,NewYork,short,31,2,False,True,False,True,False,never retraced to 0.5,1518.82
2019-09-12T06:45:00,2019,02,Asia,long,19,2,False,False,True,False,False,never retraced to 0.5,
2019-09-12T16:15:00,2019,12,NewYork,short,84,2,False,True,False,True,False,never retraced to 0.5,1518.88
2019-09-16T00:15:00,2019,20,Asia,long,256,4,True,False,True,False,False,no FVG in the zone,
2019-09-18T18:30:00,2019,14,NewYork,short,182,4,True,True,True,True,True,traded,1499.09
2019-09-20T18:15:00,2019,14,NewYork,long,52,2,False,True,True,True,False,never retraced to 0.5,1496.56
2019-09-25T15:15:00,2019,11,NewYork,short,148,2,False,True,True,True,False,never retraced to 0.5,1530.89
2019-09-27T16:15:00,2019,12,NewYork,long,62,4,True,False,False,False,False,no FVG in the zone,
2019-09-30T09:00:00,2019,05,London,short,23,2,False,True,False,True,False,never retraced to 0.5,1499.44
2019-10-01T14:00:00,2019,10,NewYork,long,85,2,False,False,False,False,False,never retraced to 0.5,
2019-10-07T17:30:00,2019,13,NewYork,short,343,4,True,True,False,True,True,traded,1507.51
2019-10-25T13:00:00,2019,09,NewYork,long,834,4,True,True,True,True,True,traded,1487.06
2019-11-12T19:15:00,2019,14,NewYork,long,32,2,False,False,False,False,False,never retraced to 0.5,
2019-11-15T05:30:00,2019,00,Asia,short,101,3,True,False,False,False,False,no FVG in the zone,
2019-11-18T13:15:00,2019,08,London,long,40,2,False,True,False,True,False,never retraced to 0.5,1458.1
2019-11-19T01:45:00,2019,20,Asia,short,23,4,True,False,False,False,False,no FVG in the zone,
2019-11-19T15:45:00,2019,10,NewYork,long,50,3,True,False,False,False,False,no FVG in the zone,
2019-11-20T13:15:00,2019,08,London,short,90,4,True,True,False,True,True,traded,1474.81
2019-11-26T18:30:00,2019,13,NewYork,long,248,4,True,True,False,True,True,traded,1456.29
2019-12-04T09:00:00,2019,04,London,short,23,4,True,False,False,False,False,no FVG in the zone,
2019-12-12T13:30:00,2019,08,London,long,688,4,True,True,True,True,True,traded,1469.64
2019-12-31T11:30:00,2019,06,London,short,99,4,True,False,False,False,False,no FVG in the zone,
2020-01-02T13:30:00,2020,08,London,long,43,3,True,True,True,True,False,divergence / extreme-RSI veto,1519.37
2020-01-08T16:30:00,2020,11,NewYork,short,50,2,False,True,False,True,False,never retraced to 0.5,1594.21
2020-01-10T21:30:00,2020,16,NewYork,long,101,4,True,False,False,False,False,no FVG in the zone,
2020-01-14T01:00:00,2020,20,Asia,short,446,4,True,True,True,True,True,traded,1551.51
2020-01-21T01:15:00,2020,20,Asia,long,330,4,True,True,False,True,True,traded,1550.28
2020-01-28T15:30:00,2020,10,NewYork,short,34,2,False,False,False,False,False,never retraced to 0.5,
2020-01-29T11:45:00,2020,06,London,long,12,3,True,False,False,False,False,no FVG in the zone,
2020-01-30T06:00:00,2020,01,Asia,short,4,4,True,False,False,False,False,no FVG in the zone,
2020-01-30T14:30:00,2020,09,NewYork,short,3,4,True,False,False,False,False,no FVG in the zone,
2020-01-30T20:00:00,2020,15,NewYork,short,15,2,False,False,False,False,False,never retraced to 0.5,
2020-01-31T07:45:00,2020,02,Asia,long,54,2,False,False,False,False,False,never retraced to 0.5,
2020-02-03T03:15:00,2020,22,Asia,short,46,2,False,True,False,True,False,never retraced to 0.5,1586.61
2020-02-06T09:15:00,2020,04,London,long,56,2,False,True,False,True,False,never retraced to 0.5,1553.79
2020-02-11T15:30:00,2020,10,NewYork,short,212,4,True,False,False,False,False,no FVG in the zone,
2020-02-13T23:45:00,2020,18,Late,long,54,2,False,True,False,True,False,never retraced to 0.5,1569.08
2020-02-27T15:30:00,2020,10,NewYork,long,58,4,True,False,False,False,False,no FVG in the zone,
2020-03-03T17:00:00,2020,12,NewYork,long,164,2,False,True,True,True,False,never retraced to 0.5,1601.51
2020-03-06T15:30:00,2020,10,NewYork,short,26,4,True,True,False,True,False,"limit rested, never filled",1674.47
2020-03-10T19:00:00,2020,15,NewYork,short,27,2,False,True,False,True,False,never retraced to 0.5,1686.21
2020-03-24T01:00:00,2020,21,Asia,long,28,2,False,True,False,True,False,never retraced to 0.5,1514.59
2020-04-16T22:00:00,2020,18,Late,short,30,2,False,True,False,True,False,never retraced to 0.5,1730.34
2020-04-22T09:15:00,2020,05,London,long,16,2,False,False,True,False,False,never retraced to 0.5,
2020-04-28T00:15:00,2020,20,Asia,short,245,4,True,True,False,True,True,traded,1724.82
2020-05-01T15:00:00,2020,11,NewYork,long,67,2,False,True,False,True,False,never retraced to 0.5,1679.36
2020-05-06T13:00:00,2020,09,NewYork,short,105,4,True,True,False,True,True,traded,1705.79
2020-05-07T16:30:00,2020,12,NewYork,long,65,2,False,True,True,True,False,never retraced to 0.5,1691.48
2020-05-08T13:00:00,2020,09,NewYork,short,79,4,True,True,False,True,True,traded,1720.22
2020-05-13T12:30:00,2020,08,London,long,95,3,True,False,True,False,False,no FVG in the zone,
2020-05-18T12:00:00,2020,08,London,short,71,2,False,True,False,True,False,never retraced to 0.5,1756.34
2020-05-19T14:15:00,2020,10,NewYork,long,38,2,False,False,False,False,False,never retraced to 0.5,
2020-05-21T02:45:00,2020,22,Asia,short,12,2,False,False,False,False,False,never retraced to 0.5,
2020-05-27T17:15:00,2020,13,NewYork,long,39,2,False,False,False,False,False,never retraced to 0.5,
2020-05-28T17:15:00,2020,13,NewYork,short,65,4,True,False,False,False,False,no FVG in the zone,
2020-06-01T11:15:00,2020,07,London,short,98,4,True,False,False,False,False,no FVG in the zone,
2020-06-02T13:45:00,2020,09,NewYork,long,8,4,True,False,False,False,False,no FVG in the zone,
2020-06-10T11:45:00,2020,07,London,long,24,2,False,False,False,False,False,never retraced to 0.5,
2020-06-15T18:00:00,2020,14,NewYork,long,26,2,False,True,False,True,False,never retraced to 0.5,1716.19
2020-06-16T13:00:00,2020,09,NewYork,short,166,4,True,False,True,False,False,no FVG in the zone,
2020-06-18T08:45:00,2020,04,London,long,113,4,True,True,False,True,True,traded,1717.24
2020-06-24T13:15:00,2020,09,NewYork,short,10,4,True,False,False,False,False,no FVG in the zone,
2020-06-26T17:00:00,2020,13,NewYork,long,173,2,False,True,False,True,False,never retraced to 0.5,1752.18
2020-07-01T15:00:00,2020,11,NewYork,short,347,4,True,True,False,True,True,traded,1780.9
2020-07-07T14:00:00,2020,10,NewYork,long,67,2,False,True,True,True,False,never retraced to 0.5,1772.26
2020-07-09T16:00:00,2020,12,NewYork,short,49,2,False,False,False,False,False,never retraced to 0.5,
2020-07-10T08:45:00,2020,04,London,long,14,2,False,True,False,True,False,never retraced to 0.5,1802.45
2020-07-13T13:15:00,2020,09,NewYork,long,79,4,True,False,False,False,False,no FVG in the zone,
2020-07-15T08:15:00,2020,04,London,long,289,4,True,True,True,True,True,traded,1799.35
2020-07-28T07:30:00,2020,03,Asia,short,330,4,True,True,False,True,True,traded,1965.19
2020-08-07T12:15:00,2020,08,London,short,138,4,True,False,False,False,False,no FVG in the zone,
2020-08-12T07:30:00,2020,03,Asia,long,127,2,False,True,False,True,False,never retraced to 0.5,1897.12
2020-08-18T14:15:00,2020,10,NewYork,short,92,4,True,True,False,True,True,traded,1998.71
2020-08-26T12:15:00,2020,08,London,short,95,4,True,True,False,True,True,traded,1936.01
2020-08-27T13:15:00,2020,09,NewYork,long,129,4,True,True,False,True,True,traded,1930.8
2020-09-08T13:30:00,2020,09,NewYork,short,830,4,True,True,True,True,True,traded,1957.63
2020-09-24T01:15:00,2020,21,Asia,long,13,4,True,False,False,False,False,no FVG in the zone,
2020-09-24T15:45:00,2020,11,NewYork,long,174,4,True,True,False,True,True,traded,1857.15
2020-09-29T04:30:00,2020,00,Asia,short,25,4,True,True,False,True,True,traded,1885.23
2020-09-29T11:00:00,2020,07,London,long,12,4,True,False,False,False,False,no FVG in the zone,
2020-10-02T02:30:00,2020,22,Asia,short,8,2,False,True,False,True,False,never retraced to 0.5,1906.27
2020-10-02T06:00:00,2020,02,Asia,long,95,4,True,False,False,False,False,no FVG in the zone,
2020-10-06T11:45:00,2020,07,London,long,32,4,True,False,False,False,False,no FVG in the zone,
2020-10-06T20:00:00,2020,16,NewYork,short,250,4,True,True,True,True,True,traded,1905.94
2020-10-09T13:45:00,2020,09,NewYork,long,1199,4,True,True,False,True,True,traded,1892.67
2020-10-28T14:45:00,2020,10,NewYork,short,81,2,False,True,True,True,False,never retraced to 0.5,1907.93
2020-10-30T12:45:00,2020,08,London,long,84,3,True,False,False,False,False,no FVG in the zone,
2020-11-03T03:00:00,2020,22,Asia,short,25,4,True,True,False,True,True,traded,1892.79
2020-11-03T09:30:00,2020,04,London,long,9,2,False,True,False,True,False,never retraced to 0.5,1892.84
2020-11-04T01:15:00,2020,20,Asia,short,121,4,True,True,False,True,True,traded,1904.9
2020-11-05T08:45:00,2020,03,Asia,long,100,2,False,True,True,True,False,never retraced to 0.5,1895.64
2020-11-06T14:30:00,2020,09,NewYork,short,48,4,True,False,False,False,False,no FVG in the zone,
2020-12-01T07:45:00,2020,02,Asia,long,23,2,False,True,True,True,False,never retraced to 0.5,1779.31
2020-12-03T16:00:00,2020,11,NewYork,short,38,4,True,True,False,True,True,traded,1835.69
2020-12-04T15:45:00,2020,10,NewYork,short,62,4,True,True,False,True,True,traded,1838.91
2020-12-07T14:30:00,2020,09,NewYork,long,48,2,False,True,True,True,False,never retraced to 0.5,1837.18
2020-12-09T03:30:00,2020,22,Asia,short,31,3,True,False,True,False,False,no FVG in the zone,
2020-12-15T13:30:00,2020,08,London,long,47,2,False,True,True,True,False,never retraced to 0.5,1832.52
2020-12-16T13:45:00,2020,08,London,short,41,4,True,True,False,True,True,traded,1861.45
2020-12-21T10:00:00,2020,05,London,short,679,4,True,True,False,True,True,traded,1886.46
2021-01-06T12:30:00,2021,07,London,short,165,3,True,True,True,True,False,divergence / extreme-RSI veto,1949.25
2021-01-12T05:30:00,2021,00,Asia,long,344,4,True,True,False,True,True,traded,1837.22
2021-01-20T15:15:00,2021,10,NewYork,long,52,2,False,True,False,True,False,never retraced to 0.5,1835.47
2021-01-21T13:30:00,2021,08,London,short,62,4,True,True,False,True,True,traded,1869.21
2021-01-29T13:00:00,2021,08,London,long,321,4,True,True,False,True,True,traded,1839.17
2021-02-04T01:30:00,2021,20,Asia,short,29,2,False,True,True,True,False,never retraced to 0.5,1858.32
2021-02-08T11:30:00,2021,06,London,long,54,2,False,False,False,False,False,never retraced to 0.5,
2021-02-09T14:30:00,2021,09,NewYork,short,87,4,True,True,False,True,True,traded,1842.22
2021-02-10T13:30:00,2021,08,London,long,104,4,True,True,False,True,True,traded,1840.93
2021-02-11T16:45:00,2021,11,NewYork,short,34,2,False,True,True,True,False,never retraced to 0.5,1847.32
2021-02-12T15:45:00,2021,10,NewYork,long,155,4,True,True,False,True,True,traded,1819.75
2021-02-16T12:45:00,2021,07,London,short,78,3,True,True,True,True,True,traded,1811.44
2021-02-22T06:00:00,2021,01,Asia,long,12,2,False,False,False,False,False,never retraced to 0.5,
2021-02-23T09:45:00,2021,04,London,short,18,4,True,False,False,False,False,no FVG in the zone,
2021-03-09T07:30:00,2021,02,Asia,long,24,2,False,False,False,False,False,never retraced to 0.5,
2021-03-11T12:15:00,2021,07,London,short,394,4,True,True,True,True,True,traded,1726.19
2021-03-17T18:00:00,2021,14,NewYork,long,785,4,True,True,True,True,True,traded,1716.06
2021-03-31T10:30:00,2021,06,London,long,11,3,True,False,False,False,False,no FVG in the zone,
2021-04-06T06:45:00,2021,02,Asia,short,26,4,True,False,False,False,False,no FVG in the zone,
2021-04-09T12:15:00,2021,08,London,short,115,3,True,False,True,False,False,no FVG in the zone,
2021-04-13T12:30:00,2021,08,London,long,181,4,True,True,False,True,True,traded,1736.33
2021-04-19T13:15:00,2021,09,NewYork,short,47,2,False,True,False,True,False,never retraced to 0.5,1783.04
2021-04-20T14:00:00,2021,10,NewYork,long,41,2,False,True,False,True,False,never retraced to 0.5,1771.44
2021-04-21T08:45:00,2021,04,London,short,18,4,True,False,False,False,False,no FVG in the zone,
2021-04-23T14:15:00,2021,10,NewYork,short,222,3,True,True,False,True,False,"limit rested, never filled",1790.03
2021-04-28T13:45:00,2021,09,NewYork,long,91,4,True,False,False,False,False,no FVG in the zone,
2021-04-29T13:45:00,2021,09,NewYork,short,183,4,True,True,False,True,True,traded,1780.14
2021-05-12T20:15:00,2021,16,NewYork,short,49,2,False,True,False,True,False,never retraced to 0.5,1833.17
2021-05-13T14:45:00,2021,10,NewYork,long,57,2,False,False,False,False,False,never retraced to 0.5,
2021-05-18T13:45:00,2021,09,NewYork,short,71,4,True,False,False,False,False,no FVG in the zone,
2021-05-19T13:30:00,2021,09,NewYork,long,369,4,True,True,False,True,True,traded,1862.23
2021-05-26T13:00:00,2021,09,NewYork,short,98,3,True,True,False,True,False,"limit rested, never filled",1908.05
2021-05-28T14:00:00,2021,10,NewYork,long,12,2,False,True,False,True,False,never retraced to 0.5,1886.14
2021-06-01T08:15:00,2021,04,London,short,21,4,True,False,False,False,False,no FVG in the zone,
2021-06-04T12:30:00,2021,08,London,long,110,2,False,True,True,True,False,never retraced to 0.5,1863.57
2021-06-08T01:45:00,2021,21,Asia,short,15,2,False,False,False,False,False,never retraced to 0.5,
2021-06-10T12:30:00,2021,08,London,long,50,2,False,True,False,True,False,never retraced to 0.5,1880.26
2021-06-11T08:00:00,2021,04,London,short,58,2,False,True,False,True,False,never retraced to 0.5,1896.66
2021-06-14T13:30:00,2021,09,NewYork,long,201,4,True,True,False,True,True,traded,1851.5
2021-06-16T18:00:00,2021,14,NewYork,short,60,2,False,True,True,True,False,never retraced to 0.5,1860.49
2021-06-18T07:45:00,2021,03,Asia,long,47,4,True,True,False,True,True,traded,1781.99
2021-07-06T01:45:00,2021,21,Asia,long,219,2,False,True,True,True,False,never retraced to 0.5,1773.91
2021-07-16T11:00:00,2021,07,London,short,13,3,True,True,False,True,False,"limit rested, never filled",1827.37
2021-07-19T12:45:00,2021,08,London,long,44,3,True,False,False,False,False,no FVG in the zone,
2021-07-20T14:45:00,2021,10,NewYork,short,64,2,False,False,False,False,False,never retraced to 0.5,
2021-07-22T15:15:00,2021,11,NewYork,long,61,2,False,False,False,False,False,never retraced to 0.5,
2021-07-23T10:00:00,2021,06,London,short,80,4,True,False,False,False,False,no FVG in the zone,
2021-07-26T07:15:00,2021,03,Asia,long,250,4,True,False,False,False,False,no FVG in the zone,
2021-07-30T12:45:00,2021,08,London,short,46,3,True,False,False,False,False,no FVG in the zone,
2021-08-02T16:30:00,2021,12,NewYork,long,165,4,True,True,False,True,True,traded,1812.57
2021-08-05T13:30:00,2021,09,NewYork,short,78,2,False,False,False,False,False,never retraced to 0.5,
2021-08-11T12:00:00,2021,08,London,long,160,2,False,False,False,False,False,never retraced to 0.5,
2021-08-16T04:00:00,2021,00,Asia,short,37,4,True,False,False,False,False,no FVG in the zone,
2021-08-16T13:30:00,2021,09,NewYork,long,455,4,True,True,False,True,True,traded,1780.11
2021-08-25T00:30:00,2021,20,Asia,short,6,2,False,False,True,False,False,never retraced to 0.5,
2021-08-26T15:00:00,2021,11,NewYork,long,43,2,False,True,False,True,False,never retraced to 0.5,1785.38
2021-08-27T13:30:00,2021,09,NewYork,short,3,4,True,False,False,False,False,no FVG in the zone,
2021-09-10T05:30:00,2021,01,Asia,long,219,4,True,True,False,True,False,"limit rested, never filled",1789.1
2021-09-16T09:45:00,2021,05,London,short,6,2,False,True,True,True,False,never retraced to 0.5,1796.6
2021-09-21T10:00:00,2021,06,London,long,123,2,False,False,True,False,False,never retraced to 0.5,
2021-09-22T18:45:00,2021,14,NewYork,short,44,2,False,False,False,False,False,never retraced to 0.5,
2021-09-23T07:30:00,2021,03,Asia,long,21,4,True,False,False,False,False,no FVG in the zone,
2021-09-23T13:00:00,2021,09,NewYork,short,265,3,True,True,True,True,True,traded,1771.72
2021-09-30T14:00:00,2021,10,NewYork,long,120,2,False,True,True,True,False,never retraced to 0.5,1734.98
2021-10-04T14:45:00,2021,10,NewYork,long,157,4,True,True,False,True,True,traded,1756.29
2021-10-06T08:15:00,2021,04,London,short,200,4,True,False,False,False,False,no FVG in the zone,
2021-10-08T12:30:00,2021,08,London,long,280,4,True,True,True,True,True,traded,1755.69
2021-10-15T08:45:00,2021,04,London,short,80,2,False,True,True,True,False,never retraced to 0.5,1783.73
2021-10-19T05:45:00,2021,01,Asia,long,116,4,True,True,True,True,True,traded,1771.48
2021-10-22T15:30:00,2021,11,NewYork,short,178,4,True,True,True,True,True,traded,1800.78
2021-11-04T14:00:00,2021,10,NewYork,long,88,2,False,True,True,True,False,never retraced to 0.5,1773.82
2021-11-22T10:30:00,2021,05,London,short,13,2,False,False,False,False,False,never retraced to 0.5,
2021-11-26T03:00:00,2021,22,Asia,long,222,4,True,True,True,True,True,traded,1792.6
2021-11-30T16:15:00,2021,11,NewYork,short,151,3,True,True,False,True,False,"limit rested, never filled",1795.07
2021-12-03T18:15:00,2021,13,NewYork,long,210,3,True,True,False,True,True,traded,1774.11
2021-12-08T07:00:00,2021,02,Asia,short,13,4,True,False,False,False,False,no FVG in the zone,
2021-12-08T12:00:00,2021,07,London,short,91,3,True,True,False,True,False,"limit rested, never filled",1789.73
2021-12-10T13:00:00,2021,08,London,long,187,4,True,False,True,False,False,no FVG in the zone,
2021-12-14T14:00:00,2021,09,NewYork,short,98,2,False,True,True,True,False,never retraced to 0.5,1781.31
2021-12-15T20:15:00,2021,15,NewYork,long,17,2,False,False,False,False,False,never retraced to 0.5,
2021-12-17T14:00:00,2021,09,NewYork,short,17,3,True,False,False,False,False,no FVG in the zone,
2021-12-22T18:15:00,2021,13,NewYork,long,22,2,False,True,False,True,False,never retraced to 0.5,1788.4
2021-12-23T14:30:00,2021,09,NewYork,short,14,4,True,False,False,False,False,no FVG in the zone,
2021-12-27T09:30:00,2021,04,London,short,14,2,False,False,False,False,False,never retraced to 0.5,
2021-12-27T13:45:00,2021,08,London,long,59,4,True,False,False,False,False,no FVG in the zone,
2021-12-28T14:00:00,2021,09,NewYork,short,67,3,True,True,False,True,False,"limit rested, never filled",1813.7
2021-12-30T16:00:00,2021,11,NewYork,long,55,2,False,False,False,False,False,never retraced to 0.5,
2022-01-03T13:00:00,2022,08,London,short,256,4,True,True,True,True,True,traded,1815.21
2022-01-11T03:15:00,2022,22,Asia,long,9,2,False,True,False,True,False,never retraced to 0.5,1787.94
2022-01-11T10:30:00,2022,05,London,short,13,4,True,False,False,False,False,no FVG in the zone,
2022-01-13T15:45:00,2022,10,NewYork,short,236,4,True,False,False,False,False,no FVG in the zone,
2022-01-18T13:30:00,2022,08,London,long,90,4,True,False,False,False,False,no FVG in the zone,
2022-01-20T10:30:00,2022,05,London,short,12,4,True,False,False,False,False,no FVG in the zone,
2022-01-20T13:45:00,2022,08,London,long,69,4,True,False,False,False,False,no FVG in the zone,
2022-01-21T08:15:00,2022,03,Asia,short,209,4,True,True,False,True,True,traded,1840.9
2022-01-25T14:45:00,2022,09,NewYork,long,108,4,True,True,False,True,True,traded,1837.74
2022-01-26T19:00:00,2022,14,NewYork,short,36,2,False,True,False,True,False,never retraced to 0.5,1840.42
2022-01-31T20:45:00,2022,15,NewYork,long,28,2,False,False,False,False,False,never retraced to 0.5,
2022-02-02T07:30:00,2022,02,Asia,short,33,4,True,False,False,False,False,no FVG in the zone,
2022-02-15T09:00:00,2022,04,London,short,180,4,True,True,True,True,True,traded,1870.64
2022-02-17T08:15:00,2022,03,Asia,long,20,2,False,True,True,True,False,never retraced to 0.5,1862.2
2022-02-24T19:15:00,2022,14,NewYork,short,563,4,True,True,True,True,True,traded,1940.07
2022-03-06T23:00:00,2022,18,Late,long,46,2,False,True,True,True,False,never retraced to 0.5,1923.95
2022-03-07T13:15:00,2022,08,London,short,64,4,True,True,False,True,True,traded,1993.31
2022-03-08T06:30:00,2022,01,Asia,long,31,2,False,True,True,True,False,never retraced to 0.5,1979.7
2022-03-09T13:15:00,2022,08,London,short,43,2,False,True,False,True,False,never retraced to 0.5,2035.36
2022-03-10T11:15:00,2022,06,London,long,94,4,True,False,False,False,False,no FVG in the zone,
2022-03-17T01:30:00,2022,21,Asia,long,26,2,False,True,False,True,False,never retraced to 0.5,1911.92
2022-03-18T13:15:00,2022,09,NewYork,short,186,4,True,True,False,True,False,"limit rested, never filled",1943.73
2022-03-23T19:15:00,2022,15,NewYork,long,60,2,False,False,False,False,False,never retraced to 0.5,
2022-03-28T05:45:00,2022,01,Asia,short,53,2,False,True,True,True,False,never retraced to 0.5,1952.35
2022-03-30T13:30:00,2022,09,NewYork,long,91,2,False,True,False,True,False,never retraced to 0.5,1906.37
2022-03-31T19:30:00,2022,15,NewYork,short,40,2,False,False,False,False,False,never retraced to 0.5,
2022-04-04T08:45:00,2022,04,London,long,13,2,False,True,False,True,False,never retraced to 0.5,1922.77
2022-04-04T13:45:00,2022,09,NewYork,short,84,4,True,False,False,False,False,no FVG in the zone,
2022-04-05T13:15:00,2022,09,NewYork,long,9,4,True,True,False,True,True,traded,1928.55
2022-04-08T14:00:00,2022,10,NewYork,long,68,4,True,False,False,False,False,no FVG in the zone,
2022-04-11T13:45:00,2022,09,NewYork,short,11,2,False,False,False,False,False,never retraced to 0.5,
2022-04-14T00:15:00,2022,20,Asia,short,13,4,True,False,False,False,False,no FVG in the zone,
2022-04-18T14:30:00,2022,10,NewYork,short,11,2,False,False,False,False,False,never retraced to 0.5,
2022-04-19T07:15:00,2022,03,Asia,long,19,4,True,False,False,False,False,no FVG in the zone,
2022-04-19T12:30:00,2022,08,London,short,25,2,False,True,False,True,False,never retraced to 0.5,1979.17
2022-04-20T09:45:00,2022,05,London,long,38,4,True,False,False,False,False,no FVG in the zone,
2022-04-21T09:00:00,2022,05,London,short,96,4,True,False,False,False,False,no FVG in the zone,
2022-05-03T14:15:00,2022,10,NewYork,long,109,3,True,False,False,False,False,no FVG in the zone,
2022-05-05T14:15:00,2022,10,NewYork,short,37,2,False,True,False,True,False,never retraced to 0.5,1903.18
2022-05-06T08:45:00,2022,04,London,long,90,4,True,False,False,False,False,no FVG in the zone,
2022-05-09T08:30:00,2022,04,London,short,36,2,False,True,False,True,False,never retraced to 0.5,1884.11
2022-05-16T18:45:00,2022,14,NewYork,long,43,2,False,True,False,True,False,never retraced to 0.5,1804.07
2022-05-17T15:15:00,2022,11,NewYork,short,10,2,False,False,False,False,False,never retraced to 0.5,
2022-05-18T09:30:00,2022,05,London,long,23,4,True,False,False,False,False,no FVG in the zone,
2022-05-25T15:45:00,2022,11,NewYork,short,352,4,True,False,False,False,False,no FVG in the zone,
2022-06-01T12:30:00,2022,08,London,long,17,3,True,False,False,False,False,no FVG in the zone,
2022-06-03T06:45:00,2022,02,Asia,short,22,2,False,False,False,False,False,never retraced to 0.5,
2022-06-08T15:15:00,2022,11,NewYork,long,168,4,True,True,False,True,True,traded,1841.59
2022-06-10T11:30:00,2022,07,London,short,14,4,True,False,False,False,False,no FVG in the zone,
2022-06-15T11:30:00,2022,07,London,long,27,4,True,False,False,False,False,no FVG in the zone,
2022-06-17T01:45:00,2022,21,Asia,short,47,4,True,True,False,True,True,traded,1852.63
2022-06-20T03:30:00,2022,23,Asia,long,96,4,True,True,False,True,True,traded,1837.22
2022-06-21T07:00:00,2022,03,Asia,short,48,4,True,False,False,False,False,no FVG in the zone,
2022-06-22T10:45:00,2022,06,London,long,121,4,True,True,False,True,True,traded,1828.61
2022-06-23T18:15:00,2022,14,NewYork,short,44,2,False,False,False,False,False,never retraced to 0.5,
2022-06-24T07:30:00,2022,03,Asia,long,88,4,True,True,False,True,True,traded,1822.58
2022-06-27T14:00:00,2022,10,NewYork,short,93,2,False,False,False,False,False,never retraced to 0.5,
2022-06-29T10:30:00,2022,06,London,long,107,4,True,False,False,False,False,no FVG in the zone,
2022-06-30T14:30:00,2022,10,NewYork,short,35,2,False,True,False,True,False,never retraced to 0.5,1823.63
2022-07-12T02:00:00,2022,22,Asia,long,21,4,True,False,False,False,False,no FVG in the zone,
2022-07-12T19:30:00,2022,15,NewYork,short,63,3,True,False,False,False,False,no FVG in the zone,
2022-07-13T14:30:00,2022,10,NewYork,long,85,4,True,True,False,True,True,traded,1723.25
2022-07-14T13:00:00,2022,09,NewYork,short,394,3,True,False,True,False,False,no FVG in the zone,
2022-07-21T12:30:00,2022,08,London,long,78,3,True,True,True,True,False,divergence / extreme-RSI veto,1688.91
2022-07-22T18:15:00,2022,14,NewYork,short,72,4,True,False,False,False,False,no FVG in the zone,
2022-07-27T18:30:00,2022,14,NewYork,long,42,2,False,True,True,True,False,never retraced to 0.5,1718.38
2022-07-29T09:30:00,2022,05,London,short,16,3,True,False,False,False,False,no FVG in the zone,
2022-07-29T15:00:00,2022,11,NewYork,long,69,3,True,False,False,False,False,no FVG in the zone,
2022-08-02T18:00:00,2022,14,NewYork,short,12,2,False,True,False,True,False,never retraced to 0.5,1780.02
2022-08-03T01:45:00,2022,21,Asia,long,42,4,True,True,False,True,True,traded,1760.1
2022-08-03T14:00:00,2022,10,NewYork,short,56,4,True,False,False,False,False,no FVG in the zone,
2022-08-05T12:30:00,2022,08,London,short,185,4,True,False,True,False,False,no FVG in the zone,
2022-08-09T13:00:00,2022,09,NewYork,long,89,2,False,False,False,False,False,never retraced to 0.5,
2022-08-11T02:00:00,2022,22,Asia,short,12,2,False,False,False,False,False,never retraced to 0.5,
2022-08-23T14:00:00,2022,10,NewYork,long,132,2,False,True,False,True,False,never retraced to 0.5,1735.49
2022-08-26T14:45:00,2022,10,NewYork,short,36,2,False,True,False,True,False,never retraced to 0.5,1755.57
2022-08-29T10:15:00,2022,06,London,long,7,2,False,False,False,False,False,never retraced to 0.5,
2022-08-30T14:30:00,2022,10,NewYork,short,61,2,False,True,False,True,False,never retraced to 0.5,1740.65
2022-09-02T08:15:00,2022,04,London,long,17,2,False,False,False,False,False,never retraced to 0.5,
2022-09-06T13:00:00,2022,09,NewYork,short,40,2,False,True,False,True,False,never retraced to 0.5,1716.4
2022-09-07T06:45:00,2022,02,Asia,long,29,4,True,False,False,False,False,no FVG in the zone,
2022-09-08T12:45:00,2022,08,London,short,73,4,True,True,False,True,False,"limit rested, never filled",1725.11
2022-09-13T01:00:00,2022,21,Asia,short,45,4,True,False,False,False,False,no FVG in the zone,
2022-09-16T14:00:00,2022,10,NewYork,long,293,4,True,True,False,True,True,traded,1664.97
2022-09-23T10:30:00,2022,06,London,short,32,2,False,False,True,False,False,never retraced to 0.5,
2022-09-26T07:15:00,2022,03,Asia,long,38,4,True,False,False,False,False,no FVG in the zone,
2022-09-26T17:00:00,2022,13,NewYork,short,140,4,True,True,False,True,True,traded,1639.44
2022-09-28T13:15:00,2022,09,NewYork,long,102,2,False,True,True,True,False,never retraced to 0.5,1628.85
2022-10-04T01:00:00,2022,21,Asia,short,18,4,True,False,False,False,False,no FVG in the zone,
2022-10-11T11:45:00,2022,07,London,long,14,4,True,True,False,True,True,traded,1666.69
2022-10-12T00:00:00,2022,20,Asia,short,141,4,True,True,False,True,False,"limit rested, never filled",1675.3
2022-10-21T15:45:00,2022,11,NewYork,long,243,3,True,True,True,True,False,divergence / extreme-RSI veto,1630.12
2022-10-31T08:15:00,2022,04,London,short,19,2,False,True,False,True,False,never retraced to 0.5,1660.57
2022-11-01T06:00:00,2022,02,Asia,long,119,3,True,False,True,False,False,no FVG in the zone,
2022-11-02T19:15:00,2022,15,NewYork,short,42,2,False,True,False,True,False,never retraced to 0.5,1656.88
2022-11-04T04:30:00,2022,00,Asia,long,18,2,False,False,True,False,False,never retraced to 0.5,
2022-11-14T10:30:00,2022,05,London,short,17,4,True,True,False,True,True,traded,1764.74
2022-11-14T15:00:00,2022,10,NewYork,long,60,2,False,False,False,False,False,never retraced to 0.5,
2022-11-17T03:00:00,2022,22,Asia,short,39,2,False,True,True,True,False,never retraced to 0.5,1775.45
2022-11-22T09:30:00,2022,04,London,long,129,4,True,True,False,True,True,traded,1739.08
2022-11-25T07:45:00,2022,02,Asia,short,21,2,False,False,False,False,False,never retraced to 0.5,
2022-11-25T18:15:00,2022,13,NewYork,long,38,4,True,True,False,True,True,traded,1749.89
2022-11-28T15:45:00,2022,10,NewYork,short,8,2,False,False,True,False,False,never retraced to 0.5,
2022-11-29T01:45:00,2022,20,Asia,long,5,2,False,False,False,False,False,never retraced to 0.5,
2022-11-30T13:30:00,2022,08,London,short,5,4,True,False,False,False,False,no FVG in the zone,
2022-12-05T15:00:00,2022,10,NewYork,short,7,2,False,True,True,True,False,never retraced to 0.5,1802.25
2022-12-06T12:00:00,2022,07,London,long,101,4,True,False,False,False,False,no FVG in the zone,
2022-12-13T13:30:00,2022,08,London,long,163,4,True,False,True,False,False,no FVG in the zone,
2022-12-15T08:30:00,2022,03,Asia,short,671,4,True,True,True,True,True,traded,1803.96
2022-12-27T15:30:00,2022,10,NewYork,long,315,3,True,True,True,True,True,traded,1800.43
2023-01-03T08:30:00,2023,03,Asia,short,27,4,True,False,False,False,False,no FVG in the zone,
2023-01-04T07:00:00,2023,02,Asia,long,125,4,True,True,True,True,True,traded,1834.82
2023-01-05T15:30:00,2023,10,NewYork,short,103,4,True,True,True,True,True,traded,1849.78
2023-01-06T18:30:00,2023,13,NewYork,long,22,2,False,True,False,True,False,never retraced to 0.5,1847.23
2023-01-09T08:00:00,2023,03,Asia,short,36,4,True,True,False,True,True,traded,1875.96
2023-01-10T09:15:00,2023,04,London,long,18,4,True,False,False,False,False,no FVG in the zone,
2023-01-11T16:00:00,2023,11,NewYork,short,76,4,True,True,False,True,True,traded,1879.48
2023-01-12T12:15:00,2023,07,London,long,74,4,True,True,True,True,True,traded,1873.87
2023-01-16T06:15:00,2023,01,Asia,short,67,2,False,False,False,False,False,never retraced to 0.5,
2023-01-17T11:45:00,2023,06,London,long,6,4,True,True,False,True,True,traded,1907.46
2023-01-18T08:00:00,2023,03,Asia,long,136,4,True,True,False,True,True,traded,1901.23
2023-01-20T14:30:00,2023,09,NewYork,short,62,4,True,False,False,False,False,no FVG in the zone,
2023-01-23T20:30:00,2023,15,NewYork,long,15,2,False,False,False,False,False,never retraced to 0.5,
2023-01-24T14:00:00,2023,09,NewYork,short,115,4,True,True,True,True,True,traded,1934.91
2023-01-25T20:00:00,2023,15,NewYork,long,311,4,True,True,False,True,True,traded,1923.7
2023-01-31T06:00:00,2023,01,Asia,short,149,4,True,True,False,True,True,traded,1934.91
2023-02-01T20:30:00,2023,15,NewYork,long,37,2,False,False,False,False,False,never retraced to 0.5,
2023-02-02T13:30:00,2023,08,London,short,26,2,False,True,True,True,False,never retraced to 0.5,1938.13
2023-02-10T07:45:00,2023,02,Asia,long,127,4,True,True,False,True,True,traded,1859.76
2023-02-13T16:45:00,2023,11,NewYork,short,78,4,True,True,False,True,True,traded,1863.96
2023-02-16T01:30:00,2023,20,Asia,long,25,4,True,False,False,False,False,no FVG in the zone,
2023-02-16T14:45:00,2023,09,NewYork,short,40,4,True,True,False,True,True,traded,1838.29
2023-02-17T12:30:00,2023,07,London,long,9,4,True,False,False,False,False,no FVG in the zone,
2023-02-20T17:45:00,2023,12,NewYork,short,22,2,False,False,False,False,False,never retraced to 0.5,
2023-02-21T14:15:00,2023,09,NewYork,long,110,4,True,True,False,True,True,traded,1833.74
2023-02-22T19:00:00,2023,14,NewYork,short,69,2,False,False,False,False,False,never retraced to 0.5,
2023-03-01T06:30:00,2023,01,Asia,long,191,2,False,True,False,True,False,never retraced to 0.5,1818.69
2023-03-06T10:45:00,2023,05,London,short,31,3,True,False,False,False,False,no FVG in the zone,
2023-03-08T11:15:00,2023,06,London,long,13,3,True,False,False,False,False,no FVG in the zone,
2023-03-20T14:15:00,2023,10,NewYork,short,66,2,False,False,False,False,False,never retraced to 0.5,
2023-03-23T15:15:00,2023,11,NewYork,long,730,4,True,True,True,True,True,traded,1954.25
2023-04-05T14:15:00,2023,10,NewYork,short,44,4,True,False,True,False,False,no FVG in the zone,
2023-04-11T07:30:00,2023,03,Asia,long,66,2,False,False,False,False,False,never retraced to 0.5,
2023-04-12T15:45:00,2023,11,NewYork,short,75,4,True,False,False,False,False,no FVG in the zone,
2023-04-14T14:45:00,2023,10,NewYork,short,89,2,False,True,True,True,False,never retraced to 0.5,2025.66
2023-05-02T15:00:00,2023,11,NewYork,long,90,2,False,True,True,True,False,never retraced to 0.5,1978.47
2023-05-05T13:30:00,2023,09,NewYork,short,649,3,True,False,True,False,False,no FVG in the zone,
2023-05-19T15:30:00,2023,11,NewYork,long,262,4,True,True,False,True,True,traded,1967.2
2023-05-30T11:30:00,2023,07,London,long,17,2,False,True,False,True,False,never retraced to 0.5,1942.21
2023-06-01T08:30:00,2023,04,London,short,23,4,True,True,True,True,True,traded,1968.3
2023-06-02T16:45:00,2023,12,NewYork,short,763,4,True,True,True,True,True,traded,1968.37
2023-06-15T13:15:00,2023,09,NewYork,long,44,2,False,True,True,True,False,never retraced to 0.5,1936.34
2023-06-16T02:45:00,2023,22,Asia,short,16,4,True,False,False,False,False,no FVG in the zone,
2023-06-16T14:15:00,2023,10,NewYork,short,73,3,True,False,False,False,False,no FVG in the zone,
2023-06-20T07:30:00,2023,03,Asia,long,20,4,True,False,False,False,False,no FVG in the zone,
2023-06-23T04:45:00,2023,00,Asia,long,10,4,True,False,False,False,False,no FVG in the zone,
2023-06-27T17:30:00,2023,13,NewYork,short,47,2,False,False,False,False,False,never retraced to 0.5,
2023-06-30T12:30:00,2023,08,London,long,94,2,False,True,False,True,False,never retraced to 0.5,1900.88
2023-07-05T17:00:00,2023,13,NewYork,short,72,4,True,True,False,True,True,traded,1925.72
2023-07-07T14:15:00,2023,10,NewYork,long,152,4,True,True,True,True,False,divergence / extreme-RSI veto,1908.29
2023-07-13T12:30:00,2023,08,London,short,97,4,True,False,False,False,False,no FVG in the zone,
2023-07-18T03:15:00,2023,23,Asia,long,176,2,False,True,False,True,False,never retraced to 0.5,1951.34
2023-07-20T14:30:00,2023,10,NewYork,short,64,2,False,False,False,False,False,never retraced to 0.5,
2023-07-26T06:15:00,2023,02,Asia,long,18,2,False,False,False,False,False,never retraced to 0.5,
2023-07-26T13:15:00,2023,09,NewYork,short,20,4,True,False,False,False,False,no FVG in the zone,
2023-07-26T18:30:00,2023,14,NewYork,long,68,4,True,True,False,True,True,traded,1968.18
2023-07-27T12:45:00,2023,08,London,short,285,4,True,True,True,True,True,traded,1965.55
2023-08-04T12:30:00,2023,08,London,long,762,4,True,True,True,True,True,traded,1917.75
2023-08-16T19:15:00,2023,15,NewYork,short,77,2,False,True,False,True,False,never retraced to 0.5,1935.23
2023-08-22T10:00:00,2023,06,London,long,76,4,True,False,False,False,False,no FVG in the zone,
2023-08-24T12:30:00,2023,08,London,short,97,4,True,False,False,False,False,no FVG in the zone,
2023-08-28T15:30:00,2023,11,NewYork,long,85,3,True,False,False,False,False,no FVG in the zone,
2023-09-01T14:15:00,2023,10,NewYork,short,123,4,True,False,False,False,False,no FVG in the zone,
2023-09-06T13:45:00,2023,09,NewYork,long,1,4,True,False,False,False,False,no FVG in the zone,
2023-09-08T14:00:00,2023,10,NewYork,long,63,4,True,False,True,False,False,no FVG in the zone,
2023-09-12T10:30:00,2023,06,London,short,167,2,False,True,True,True,False,never retraced to 0.5,1927.34
2023-09-14T15:00:00,2023,11,NewYork,long,37,3,True,True,False,True,False,"limit rested, never filled",1905.16
2023-09-20T01:00:00,2023,21,Asia,short,49,4,True,False,False,False,False,no FVG in the zone,
2023-09-20T13:30:00,2023,09,NewYork,long,12,2,False,False,True,False,False,never retraced to 0.5,
2023-09-20T18:45:00,2023,14,NewYork,short,51,2,False,False,False,False,False,never retraced to 0.5,
2023-09-22T07:15:00,2023,03,Asia,long,165,4,True,False,False,False,False,no FVG in the zone,
2023-09-26T08:15:00,2023,04,London,long,16,4,True,False,False,False,False,no FVG in the zone,
2023-10-06T14:15:00,2023,10,NewYork,long,129,2,False,True,True,True,False,never retraced to 0.5,1817.97
2023-10-10T06:00:00,2023,02,Asia,short,24,2,False,True,False,True,False,never retraced to 0.5,1862.59
2023-10-10T15:45:00,2023,11,NewYork,long,54,2,False,False,False,False,False,never retraced to 0.5,
2023-10-12T13:30:00,2023,09,NewYork,short,74,4,True,True,False,True,True,traded,1880.12
2023-10-13T09:15:00,2023,05,London,long,21,2,False,True,True,True,False,never retraced to 0.5,1881.02
2023-10-25T13:45:00,2023,09,NewYork,long,67,4,True,True,False,True,True,traded,1968.87
2023-10-26T12:15:00,2023,08,London,short,112,4,True,False,False,False,False,no FVG in the zone,
2023-10-27T17:30:00,2023,13,NewYork,long,279,4,True,True,True,True,True,traded,1979.03
2023-11-01T18:30:00,2023,14,NewYork,short,317,4,True,True,False,True,True,traded,1994.62
2023-11-09T14:30:00,2023,09,NewYork,long,92,4,True,False,False,False,False,no FVG in the zone,
2023-11-13T16:15:00,2023,11,NewYork,long,80,2,False,True,False,True,False,never retraced to 0.5,1938.1
2023-11-15T14:45:00,2023,09,NewYork,short,90,4,True,True,True,True,True,traded,1967.02
2023-11-16T14:30:00,2023,09,NewYork,long,68,2,False,True,True,True,False,never retraced to 0.5,1970.45
2023-11-17T17:00:00,2023,12,NewYork,short,32,4,True,True,False,True,False,"limit rested, never filled",1986.2
2023-11-29T09:30:00,2023,04,London,short,107,4,True,False,False,False,False,no FVG in the zone,
2023-12-01T16:00:00,2023,11,NewYork,long,24,2,False,True,True,True,False,never retraced to 0.5,2040.72
2023-12-13T19:00:00,2023,14,NewYork,long,73,2,False,True,True,True,False,never retraced to 0.5,2001.94
2023-12-15T18:15:00,2023,13,NewYork,short,383,4,True,True,False,True,True,traded,2033.86
2023-12-21T23:00:00,2023,18,Late,long,44,2,False,False,True,False,False,never retraced to 0.5,
2024-01-03T11:30:00,2024,06,London,short,251,3,True,True,True,True,False,divergence / extreme-RSI veto,2070.32
2024-01-08T16:00:00,2024,11,NewYork,long,68,3,True,False,False,False,False,no FVG in the zone,
2024-01-09T15:45:00,2024,10,NewYork,short,52,2,False,False,False,False,False,never retraced to 0.5,
2024-01-10T08:00:00,2024,03,Asia,long,39,4,True,True,False,True,True,traded,2030.85
2024-01-12T10:45:00,2024,05,London,long,281,4,True,True,True,True,True,traded,2025.84
2024-01-17T14:45:00,2024,09,NewYork,short,1018,4,True,True,True,True,True,traded,2042.78
2024-02-13T14:00:00,2024,09,NewYork,short,67,2,False,True,True,True,False,never retraced to 0.5,2033.16
2024-02-14T17:30:00,2024,12,NewYork,long,60,3,True,False,False,False,False,no FVG in the zone,
2024-02-21T17:00:00,2024,12,NewYork,short,55,4,True,False,False,False,False,no FVG in the zone,
2024-02-23T06:15:00,2024,01,Asia,short,40,4,True,False,False,False,False,no FVG in the zone,
2024-02-23T16:30:00,2024,11,NewYork,long,355,4,True,False,True,False,False,no FVG in the zone,
2024-03-06T19:15:00,2024,14,NewYork,short,30,4,True,False,False,False,False,no FVG in the zone,
2024-03-07T14:30:00,2024,09,NewYork,short,66,4,True,False,False,False,False,no FVG in the zone,
2024-03-08T08:15:00,2024,03,Asia,long,20,2,False,False,False,False,False,never retraced to 0.5,
2024-03-12T14:00:00,2024,10,NewYork,short,304,4,True,True,True,True,False,divergence / extreme-RSI veto,2182.47
2024-03-20T18:45:00,2024,14,NewYork,long,542,4,True,True,True,True,True,traded,2163.87
2024-04-12T16:00:00,2024,12,NewYork,short,83,2,False,True,False,True,False,never retraced to 0.5,2412.06
2024-04-17T20:45:00,2024,16,NewYork,short,106,4,True,False,False,False,False,no FVG in the zone,
2024-04-19T01:30:00,2024,21,Asia,long,129,4,True,True,True,True,True,traded,2367.61
2024-04-22T11:00:00,2024,07,London,short,21,2,False,True,False,True,False,never retraced to 0.5,2386.08
2024-04-25T14:30:00,2024,10,NewYork,long,63,2,False,False,False,False,False,never retraced to 0.5,
2024-04-30T05:30:00,2024,01,Asia,short,26,2,False,False,False,False,False,never retraced to 0.5,
2024-05-01T11:15:00,2024,07,London,long,281,4,True,True,True,True,False,divergence / extreme-RSI veto,2303.66
2024-05-16T10:15:00,2024,06,London,short,102,4,True,False,False,False,False,no FVG in the zone,
2024-05-17T13:00:00,2024,09,NewYork,long,325,4,True,True,True,True,True,traded,2399.55
2024-05-23T02:30:00,2024,22,Asia,short,11,2,False,False,False,False,False,never retraced to 0.5,
2024-05-24T05:30:00,2024,01,Asia,long,18,2,False,True,False,True,False,never retraced to 0.5,2332.01
2024-05-24T14:15:00,2024,10,NewYork,short,83,4,True,False,False,False,False,no FVG in the zone,
2024-05-27T12:15:00,2024,08,London,long,80,4,True,False,False,False,False,no FVG in the zone,
2024-05-29T12:45:00,2024,08,London,short,62,2,False,False,True,False,False,never retraced to 0.5,
2024-05-30T09:00:00,2024,05,London,long,6,2,False,False,False,False,False,never retraced to 0.5,
2024-05-31T14:30:00,2024,10,NewYork,short,51,2,False,False,False,False,False,never retraced to 0.5,
2024-06-03T11:00:00,2024,07,London,long,201,4,True,True,False,True,True,traded,2322.21
2024-06-07T08:00:00,2024,04,London,short,41,2,False,True,True,True,False,never retraced to 0.5,2357.6
2024-06-11T12:15:00,2024,08,London,long,92,2,False,False,False,False,False,never retraced to 0.5,
2024-06-13T15:45:00,2024,11,NewYork,short,401,4,True,True,False,True,True,traded,2332.22
2024-06-20T05:00:00,2024,01,Asia,long,34,2,False,False,False,False,False,never retraced to 0.5,
2024-06-21T13:30:00,2024,09,NewYork,short,227,2,False,True,True,True,False,never retraced to 0.5,2355.73
2024-06-27T12:00:00,2024,08,London,long,83,2,False,False,True,False,False,never retraced to 0.5,
2024-07-16T12:30:00,2024,08,London,short,3,3,True,False,False,False,False,no FVG in the zone,
2024-07-17T03:15:00,2024,23,Asia,short,41,4,True,False,False,False,False,no FVG in the zone,
2024-07-17T15:00:00,2024,11,NewYork,short,105,4,True,True,False,True,True,traded,2472.05
2024-07-24T02:15:00,2024,22,Asia,long,41,2,False,False,False,False,False,never retraced to 0.5,
2024-07-24T17:45:00,2024,13,NewYork,short,25,2,False,True,True,True,False,never retraced to 0.5,2426.85
2024-07-26T14:00:00,2024,10,NewYork,long,195,4,True,True,False,True,True,traded,2368.91
2024-08-01T02:30:00,2024,22,Asia,short,22,3,True,False,False,False,False,no FVG in the zone,
2024-08-01T12:30:00,2024,08,London,long,64,4,True,False,False,False,False,no FVG in the zone,
2024-08-02T14:30:00,2024,10,NewYork,short,76,4,True,True,False,True,False,"limit rested, never filled",2448.63
2024-08-14T13:15:00,2024,09,NewYork,short,90,4,True,True,False,True,True,traded,2459.42
2024-08-16T11:45:00,2024,07,London,long,166,2,False,True,True,True,False,never retraced to 0.5,2459.99
2024-08-22T14:00:00,2024,10,NewYork,short,1361,4,True,True,True,True,True,traded,2510.01
2024-09-12T13:00:00,2024,09,NewYork,long,76,2,False,False,True,False,False,never retraced to 0.5,
2024-09-17T03:45:00,2024,23,Asia,short,21,4,True,False,False,False,False,no FVG in the zone,
2024-09-18T18:00:00,2024,14,NewYork,long,5,4,True,False,False,False,False,no FVG in the zone,
2024-09-18T19:30:00,2024,15,NewYork,short,132,4,True,True,False,True,True,traded,2576.22
2024-09-20T06:45:00,2024,02,Asia,long,15,2,False,True,True,True,False,never retraced to 0.5,2559.68
2024-09-23T07:45:00,2024,03,Asia,short,23,4,True,False,False,False,False,no FVG in the zone,
2024-09-25T06:00:00,2024,02,Asia,short,42,4,True,False,False,False,False,no FVG in the zone,
2024-09-26T10:30:00,2024,06,London,long,108,4,True,False,True,False,False,no FVG in the zone,
2024-09-27T14:45:00,2024,10,NewYork,short,74,3,True,False,False,False,False,no FVG in the zone,
2024-10-01T05:00:00,2024,01,Asia,long,33,2,False,False,False,False,False,never retraced to 0.5,
2024-10-02T05:30:00,2024,01,Asia,short,37,4,True,False,False,False,False,no FVG in the zone,
2024-10-04T03:15:00,2024,23,Asia,long,46,4,True,False,False,False,False,no FVG in the zone,
2024-10-08T02:30:00,2024,22,Asia,short,21,2,False,False,False,False,False,never retraced to 0.5,
2024-10-08T11:15:00,2024,07,London,long,11,4,True,False,False,False,False,no FVG in the zone,
2024-10-11T14:30:00,2024,10,NewYork,long,58,2,False,True,False,True,False,never retraced to 0.5,2623.76
2024-10-15T05:00:00,2024,01,Asia,short,43,4,True,False,False,False,False,no FVG in the zone,
2024-10-16T14:30:00,2024,10,NewYork,short,74,4,True,False,False,False,False,no FVG in the zone,
2024-10-21T14:30:00,2024,10,NewYork,short,16,2,False,False,False,False,False,never retraced to 0.5,
2024-10-22T01:15:00,2024,21,Asia,long,27,2,False,False,False,False,False,never retraced to 0.5,
2024-10-23T01:15:00,2024,21,Asia,short,11,4,True,False,False,False,False,no FVG in the zone,
2024-10-23T13:30:00,2024,09,NewYork,short,367,4,True,True,True,True,True,traded,2735.69
2024-10-29T13:30:00,2024,09,NewYork,long,519,4,True,True,False,True,True,traded,2740.7
2024-11-06T06:30:00,2024,01,Asia,short,20,2,False,True,False,True,False,never retraced to 0.5,2755.29
2024-11-07T13:15:00,2024,08,London,long,26,2,False,True,True,True,False,never retraced to 0.5,2660.21
2024-11-08T06:15:00,2024,01,Asia,short,63,4,True,True,False,True,True,traded,2701.38
2024-11-14T15:00:00,2024,10,NewYork,long,127,3,True,True,False,True,False,"limit rested, never filled",2551.83
2024-11-19T14:15:00,2024,09,NewYork,short,41,4,True,False,False,False,False,no FVG in the zone,
2024-11-25T01:00:00,2024,20,Asia,short,52,2,False,True,True,True,False,never retraced to 0.5,2702.79
2024-11-26T01:30:00,2024,20,Asia,long,35,4,True,False,False,False,False,no FVG in the zone,
2024-11-27T15:00:00,2024,10,NewYork,short,122,4,True,True,False,True,True,traded,2646.69
2024-11-29T02:15:00,2024,21,Asia,long,445,4,True,True,False,True,True,traded,2639.24
2024-12-09T14:00:00,2024,09,NewYork,long,83,2,False,True,True,True,False,never retraced to 0.5,2629.26
2024-12-11T04:30:00,2024,23,Asia,short,40,4,True,False,True,False,False,no FVG in the zone,
2024-12-13T08:45:00,2024,03,Asia,short,18,2,False,True,False,True,False,never retraced to 0.5,2715.15
2024-12-17T18:30:00,2024,13,NewYork,long,19,2,False,False,False,False,False,never retraced to 0.5,
2024-12-18T04:00:00,2024,23,Asia,short,15,4,True,False,False,False,False,no FVG in the zone,
2025-01-02T10:15:00,2025,05,London,long,50,2,False,True,False,True,False,never retraced to 0.5,2596.56
2025-01-03T08:15:00,2025,03,Asia,short,19,3,True,False,False,False,False,no FVG in the zone,
2025-01-06T11:30:00,2025,06,London,long,7,2,False,False,False,False,False,never retraced to 0.5,
2025-01-07T12:30:00,2025,07,London,long,178,2,False,False,True,False,False,never retraced to 0.5,
2025-01-13T15:45:00,2025,10,NewYork,short,216,4,True,True,True,True,True,traded,2681.25
2025-01-16T01:00:00,2025,20,Asia,long,32,2,False,True,False,True,False,never retraced to 0.5,2673.26
2025-01-21T02:30:00,2025,21,Asia,long,47,2,False,False,False,False,False,never retraced to 0.5,
2025-01-23T13:30:00,2025,08,London,short,45,4,True,False,True,False,False,no FVG in the zone,
2025-01-24T02:00:00,2025,21,Asia,long,40,2,False,False,False,False,False,never retraced to 0.5,
2025-01-24T16:45:00,2025,11,NewYork,short,46,2,False,True,False,True,False,never retraced to 0.5,2777.34
2025-01-27T09:00:00,2025,04,London,long,23,4,True,False,False,False,False,no FVG in the zone,
2025-01-27T15:00:00,2025,10,NewYork,short,248,4,True,True,False,True,True,traded,2765.39
2025-01-30T08:15:00,2025,03,Asia,long,87,2,False,False,True,False,False,never retraced to 0.5,
2025-02-03T14:30:00,2025,09,NewYork,long,86,2,False,True,True,True,False,never retraced to 0.5,2792.73
2025-02-06T07:30:00,2025,02,Asia,short,28,4,True,True,False,True,True,traded,2869.33
2025-02-07T14:15:00,2025,09,NewYork,long,61,4,True,False,True,False,False,no FVG in the zone,
2025-02-11T12:45:00,2025,07,London,short,82,2,False,True,False,True,False,never retraced to 0.5,2921.34
2025-02-12T17:00:00,2025,12,NewYork,long,36,2,False,True,False,True,False,never retraced to 0.5,2881.95
2025-02-14T12:30:00,2025,07,London,short,251,4,True,True,False,True,True,traded,2926.5
2025-02-19T09:15:00,2025,04,London,long,81,2,False,True,False,True,False,never retraced to 0.5,2907.83
2025-02-25T15:15:00,2025,10,NewYork,short,154,3,True,True,True,True,True,traded,2934.79
2025-03-06T09:45:00,2025,04,London,short,216,4,True,True,True,True,True,traded,2915.1
2025-03-12T16:00:00,2025,12,NewYork,long,31,2,False,False,False,False,False,never retraced to 0.5,
2025-03-20T07:45:00,2025,03,Asia,short,8,2,False,False,False,False,False,never retraced to 0.5,
2025-03-27T09:45:00,2025,05,London,long,19,2,False,True,True,True,False,never retraced to 0.5,3011.86
2025-04-03T10:45:00,2025,06,London,short,104,4,True,True,True,True,True,traded,3137.76
2025-04-07T01:30:00,2025,21,Asia,long,60,4,True,True,False,True,True,traded,3004.68
2025-04-07T16:45:00,2025,12,NewYork,short,161,4,True,True,False,True,True,traded,3030.0
2025-04-09T11:15:00,2025,07,London,long,9,2,False,True,False,True,False,never retraced to 0.5,2999.58
2025-04-17T01:45:00,2025,21,Asia,short,20,4,True,True,False,True,True,traded,3342.73
2025-04-22T07:00:00,2025,03,Asia,short,87,4,True,True,True,True,True,traded,3471.46
2025-04-24T01:00:00,2025,21,Asia,long,456,4,True,True,True,True,True,traded,3294.07
2025-05-01T00:15:00,2025,20,Asia,short,37,2,False,False,True,False,False,never retraced to 0.5,
2025-05-02T00:15:00,2025,20,Asia,long,28,2,False,True,False,True,False,never retraced to 0.5,3223.66
2025-05-02T13:00:00,2025,09,NewYork,short,50,4,True,True,False,True,True,traded,3257.86
2025-05-05T02:45:00,2025,22,Asia,long,22,2,False,False,False,False,False,never retraced to 0.5,
2025-05-08T06:00:00,2025,02,Asia,short,39,2,False,True,True,True,False,never retraced to 0.5,3409.7
2025-05-09T04:45:00,2025,00,Asia,long,40,2,False,True,False,True,False,never retraced to 0.5,3295.34
2025-05-11T22:00:00,2025,18,Late,short,11,2,False,True,True,True,False,never retraced to 0.5,3314.28
2025-05-15T13:00:00,2025,09,NewYork,long,278,4,True,True,True,True,True,traded,3158.35
2025-05-21T12:15:00,2025,08,London,short,26,4,True,False,False,False,False,no FVG in the zone,
2025-05-22T08:45:00,2025,04,London,short,103,4,True,True,True,True,True,traded,3318.71
2025-05-23T11:45:00,2025,07,London,long,21,2,False,True,False,True,False,never retraced to 0.5,3311.89
2025-05-26T00:15:00,2025,20,Asia,short,32,4,True,True,False,True,True,traded,3352.08
2025-05-29T16:00:00,2025,12,NewYork,long,144,4,True,True,True,True,True,traded,3278.04
2025-06-03T01:00:00,2025,21,Asia,short,50,3,True,False,False,False,False,no FVG in the zone,
2025-06-04T01:30:00,2025,21,Asia,long,51,4,True,False,False,False,False,no FVG in the zone,
2025-06-05T15:30:00,2025,11,NewYork,short,85,3,True,True,False,True,False,"limit rested, never filled",3382.41
2025-06-09T06:45:00,2025,02,Asia,long,33,3,True,False,False,False,False,no FVG in the zone,
2025-06-10T11:00:00,2025,07,London,long,8,2,False,False,False,False,False,never retraced to 0.5,
2025-06-11T12:30:00,2025,08,London,long,82,4,True,True,False,True,True,traded,3339.57
2025-06-16T13:45:00,2025,09,NewYork,short,62,2,False,False,False,False,False,never retraced to 0.5,
2025-06-20T09:30:00,2025,05,London,long,15,4,True,False,False,False,False,no FVG in the zone,
2025-06-24T05:00:00,2025,01,Asia,short,27,2,False,True,True,True,False,never retraced to 0.5,3360.96
2025-06-25T01:45:00,2025,21,Asia,long,70,3,True,True,False,True,True,traded,3312.07
2025-06-26T12:45:00,2025,08,London,short,51,4,True,True,False,True,False,"limit rested, never filled",3341.76
2025-06-30T04:45:00,2025,00,Asia,long,47,2,False,False,False,False,False,never retraced to 0.5,
2025-07-03T12:30:00,2025,08,London,short,121,3,True,True,True,True,False,divergence / extreme-RSI veto,3345.05
2025-07-07T13:45:00,2025,09,NewYork,long,96,4,True,False,False,False,False,no FVG in the zone,
2025-07-08T15:00:00,2025,11,NewYork,short,64,2,False,True,True,True,False,never retraced to 0.5,3323.4
2025-07-09T14:30:00,2025,10,NewYork,long,17,2,False,False,False,False,False,never retraced to 0.5,
2025-07-10T13:45:00,2025,09,NewYork,short,38,4,True,True,False,True,True,traded,3324.82
2025-07-14T12:30:00,2025,08,London,short,7,2,False,False,False,False,False,never retraced to 0.5,
2025-07-15T04:00:00,2025,00,Asia,long,36,4,True,False,False,False,False,no FVG in the zone,
2025-07-15T13:15:00,2025,09,NewYork,short,180,4,True,False,False,False,False,no FVG in the zone,
2025-07-24T02:00:00,2025,22,Asia,short,28,2,False,True,False,True,False,never retraced to 0.5,3421.53
2025-07-24T14:30:00,2025,10,NewYork,long,66,4,True,False,False,False,False,no FVG in the zone,
2025-07-25T08:15:00,2025,04,London,short,112,2,False,False,False,False,False,never retraced to 0.5,
2025-07-31T08:00:00,2025,04,London,long,109,4,True,False,False,False,False,no FVG in the zone,
2025-08-05T09:45:00,2025,05,London,short,20,4,True,False,False,False,False,no FVG in the zone,
2025-08-13T07:00:00,2025,03,Asia,long,8,2,False,True,False,True,False,never retraced to 0.5,3341.88
2025-08-13T18:15:00,2025,14,NewYork,short,19,4,True,False,False,False,False,no FVG in the zone,
2025-08-18T04:00:00,2025,00,Asia,long,135,4,True,True,False,True,True,traded,3335.47
2025-08-19T15:00:00,2025,11,NewYork,short,271,4,True,True,False,True,True,traded,3350.51
2025-08-22T14:00:00,2025,10,NewYork,long,129,2,False,True,True,True,False,never retraced to 0.5,3335.47
2025-08-27T04:00:00,2025,00,Asia,short,49,4,True,False,False,False,False,no FVG in the zone,
2025-08-27T16:30:00,2025,12,NewYork,long,60,3,True,False,False,False,False,no FVG in the zone,
2025-09-01T01:00:00,2025,21,Asia,short,2,3,True,False,False,False,False,no FVG in the zone,
2025-09-04T03:00:00,2025,23,Asia,short,129,4,True,True,True,True,True,traded,3552.85
2025-09-05T12:30:00,2025,08,London,long,69,2,False,True,True,True,False,never retraced to 0.5,3550.61
2025-09-09T06:15:00,2025,02,Asia,short,27,4,True,False,False,False,False,no FVG in the zone,
2025-09-09T15:00:00,2025,11,NewYork,short,22,2,False,True,False,True,False,never retraced to 0.5,3657.42
2025-09-10T09:30:00,2025,05,London,long,89,4,True,False,False,False,False,no FVG in the zone,
2025-09-11T09:00:00,2025,05,London,short,201,4,True,False,False,False,False,no FVG in the zone,
2025-09-15T13:30:00,2025,09,NewYork,long,69,2,False,True,False,True,False,never retraced to 0.5,3640.62
2025-09-16T15:00:00,2025,11,NewYork,short,37,4,True,False,False,False,False,no FVG in the zone,
2025-09-19T17:30:00,2025,13,NewYork,long,25,2,False,False,False,False,False,never retraced to 0.5,
2025-09-24T16:45:00,2025,12,NewYork,short,217,4,True,False,True,False,False,no FVG in the zone,
2025-09-30T09:00:00,2025,05,London,short,86,4,True,True,True,True,True,traded,3855.76
2025-10-01T07:45:00,2025,03,Asia,long,239,4,True,True,False,True,True,traded,3842.6
2025-10-08T22:00:00,2025,18,Late,short,73,4,True,True,False,True,False,"limit rested, never filled",4034.76
2025-10-17T17:15:00,2025,13,NewYork,short,166,4,True,True,True,True,True,traded,4293.55
2025-10-29T09:45:00,2025,05,London,long,139,4,True,True,False,True,True,traded,3929.18
2025-11-13T14:15:00,2025,09,NewYork,short,16,2,False,False,False,False,False,never retraced to 0.5,
2025-11-18T13:30:00,2025,08,London,long,58,2,False,True,False,True,False,never retraced to 0.5,4033.95
2025-11-19T16:15:00,2025,11,NewYork,short,35,4,True,True,False,True,True,traded,4109.39
2025-11-24T18:30:00,2025,13,NewYork,long,26,2,False,True,False,True,False,never retraced to 0.5,4077.13
2025-11-25T08:45:00,2025,03,Asia,short,65,4,True,False,False,False,False,no FVG in the zone,
2025-11-26T14:15:00,2025,09,NewYork,short,118,4,True,True,False,True,True,traded,4161.34
2025-11-28T00:30:00,2025,19,Late,long,45,3,True,False,True,False,False,no FVG in the zone,
2025-12-02T14:15:00,2025,09,NewYork,long,5,4,True,True,False,True,True,traded,4195.91
2025-12-03T13:45:00,2025,08,London,long,187,4,True,True,False,True,True,traded,4196.24
2025-12-09T06:00:00,2025,01,Asia,short,225,4,True,True,False,True,True,traded,4218.29
2025-12-11T16:30:00,2025,11,NewYork,long,53,2,False,False,True,False,False,never retraced to 0.5,
2025-12-12T15:15:00,2025,10,NewYork,short,370,4,True,True,False,True,True,traded,4318.16
2026-01-05T02:45:00,2026,21,Asia,long,48,2,False,True,False,True,False,never retraced to 0.5,4345.68
2026-01-07T01:00:00,2026,20,Asia,short,47,3,True,False,False,False,False,no FVG in the zone,
2026-01-08T20:15:00,2026,15,NewYork,long,64,2,False,False,False,False,False,never retraced to 0.5,
2026-01-16T15:15:00,2026,10,NewYork,short,27,3,True,False,False,False,False,no FVG in the zone,
2026-01-23T08:15:00,2026,03,Asia,short,30,4,True,False,False,False,False,no FVG in the zone,
2026-01-26T19:15:00,2026,14,NewYork,short,94,4,True,True,False,True,True,traded,5086.97
2026-01-27T20:00:00,2026,15,NewYork,long,15,2,False,True,True,True,False,never retraced to 0.5,5063.14
2026-01-29T15:15:00,2026,10,NewYork,short,64,4,True,True,True,True,True,traded,5386.62
2026-02-02T12:30:00,2026,07,London,long,42,3,True,True,False,True,False,"limit rested, never filled",4582.02
2026-02-05T02:45:00,2026,21,Asia,short,74,3,True,True,False,True,True,traded,4973.1
2026-02-06T14:45:00,2026,09,NewYork,long,94,2,False,True,True,True,False,never retraced to 0.5,4767.64
2026-02-09T23:00:00,2026,18,Late,short,137,4,True,True,False,True,True,traded,5065.48
2026-02-11T10:30:00,2026,05,London,long,113,4,True,True,False,True,True,traded,5034.17
2026-02-12T16:00:00,2026,11,NewYork,short,223,4,True,True,True,True,True,traded,5067.6
2026-02-24T00:45:00,2026,19,Late,short,51,2,False,False,False,False,False,never retraced to 0.5,
2026-02-25T05:15:00,2026,00,Asia,long,45,2,False,True,False,True,False,never retraced to 0.5,5145.63
2026-02-27T13:00:00,2026,08,London,long,67,2,False,True,True,True,False,never retraced to 0.5,5148.51
2026-03-02T16:00:00,2026,11,NewYork,short,64,4,True,True,False,True,True,traded,5355.81
2026-03-10T15:30:00,2026,11,NewYork,long,302,4,True,True,False,True,True,traded,5115.4
2026-04-01T11:00:00,2026,07,London,long,15,2,False,False,False,False,False,never retraced to 0.5,
2026-04-02T01:15:00,2026,21,Asia,short,265,4,True,True,True,True,True,traded,4752.77
2026-04-07T22:45:00,2026,18,Late,long,469,4,True,True,True,True,True,traded,4681.87
2026-04-30T08:00:00,2026,04,London,long,115,4,True,False,True,False,False,no FVG in the zone,
2026-05-05T14:15:00,2026,10,NewYork,long,30,2,False,False,False,False,False,never retraced to 0.5,
2026-05-07T16:00:00,2026,12,NewYork,short,21,2,False,True,False,True,False,never retraced to 0.5,4745.13
2026-05-08T01:45:00,2026,21,Asia,long,46,4,True,False,False,False,False,no FVG in the zone,
2026-05-10T22:00:00,2026,18,Late,short,94,4,True,True,False,True,True,traded,4700.39
2026-05-15T00:15:00,2026,20,Asia,short,33,2,False,True,True,True,False,never retraced to 0.5,4689.54
2026-05-19T10:30:00,2026,06,London,short,542,4,True,True,False,True,True,traded,4526.12
2026-05-28T14:30:00,2026,10,NewYork,long,58,2,False,True,True,True,False,never retraced to 0.5,4406.53
2026-06-02T04:45:00,2026,00,Asia,long,107,4,True,False,False,False,False,no FVG in the zone,
2026-06-03T08:45:00,2026,04,London,short,199,4,True,True,False,True,True,traded,4491.41
2026-06-08T11:15:00,2026,07,London,long,110,4,True,False,False,False,False,no FVG in the zone,
2026-06-09T16:00:00,2026,12,NewYork,short,23,2,False,True,True,True,False,never retraced to 0.5,4300.78
2026-06-10T13:30:00,2026,09,NewYork,long,4,4,True,False,False,False,False,no FVG in the zone,
2026-06-11T19:00:00,2026,15,NewYork,long,141,2,False,True,True,True,False,never retraced to 0.5,4101.43
2026-06-15T17:30:00,2026,13,NewYork,short,183,4,True,True,False,True,True,traded,4343.06
2026-06-17T17:30:00,2026,13,NewYork,long,1,2,False,False,False,False,False,never retraced to 0.5,
2026-06-17T19:00:00,2026,15,NewYork,short,81,4,True,True,False,True,True,traded,4308.33
2026-07-01T13:30:00,2026,09,NewYork,long,87,3,True,True,True,True,False,divergence / extreme-RSI veto,4015.07
2026-07-06T05:00:00,2026,01,Asia,short,16,2,False,False,False,False,False,never retraced to 0.5,
2026-07-06T17:45:00,2026,13,NewYork,long,39,4,True,False,False,False,False,no FVG in the zone,
2026-07-07T04:45:00,2026,00,Asia,short,28,4,True,False,False,False,False,no FVG in the zone,
2026-07-07T12:00:00,2026,08,London,long,27,4,True,False,False,False,False,no FVG in the zone,
2026-07-08T19:00:00,2026,15,NewYork,long,39,3,True,True,False,True,False,"limit rested, never filled",4053.53
2026-07-10T13:15:00,2026,09,NewYork,short,33,4,True,True,False,True,False,"limit rested, never filled",4126.74
2026-07-14T12:30:00,2026,08,London,long,203,4,True,True,True,True,True,traded,4035.61
2026-07-16T17:30:00,2026,13,NewYork,short,72,2,False,True,False,True,False,never retraced to 0.5,4056.13
2026-07-17T15:15:00,2026,11,NewYork,long,41,4,True,True,False,True,True,traded,3981.21
2026-07-20T14:00:00,2026,10,NewYork,short,48,4,True,False,False,False,False,no FVG in the zone,
2026-07-21T03:15:00,2026,23,Asia,long,65,2,False,False,True,False,False,never retraced to 0.5,
2026-07-23T07:00:00,2026,03,Asia,short,74,2,False,True,True,True,False,never retraced to 0.5,4123.62
2026-07-24T10:15:00,2026,06,London,long,13,2,False,False,False,False,False,never retraced to 0.5,
